filename,source_class,document_subtype
incident_report_01.pdf,incident_report,incident_report
incident_report_02.pdf,incident_report,incident_report
incident_report_03.pdf,incident_report,incident_report
incident_report_04.pdf,incident_report,incident_report
incident_report_05.pdf,incident_report,incident_report
post_incident_review_01.pdf,post_incident_review,post_incident_review
post_incident_review_02.pdf,post_incident_review,post_incident_review
post_incident_review_03.pdf,post_incident_review,post_incident_review
post_incident_review_04.pdf,post_incident_review,post_incident_review
post_incident_review_05.pdf,post_incident_review,post_incident_review
change_request_01.pdf,change_request,change_request
change_request_02.pdf,change_request,change_request
change_request_03.pdf,change_request,change_request
change_request_04.pdf,change_request,change_request
change_request_05.pdf,change_request,change_request
kb_article_sop_01.pdf,kb_article_sop,kb_article_sop
kb_article_sop_02.pdf,kb_article_sop,kb_article_sop
kb_article_sop_03.pdf,kb_article_sop,kb_article_sop
kb_article_sop_04.pdf,kb_article_sop,kb_article_sop
kb_article_sop_05.pdf,kb_article_sop,kb_article_sop
other_01.pdf,other,other
other_02.pdf,other,other
other_03.pdf,other,other
other_04.pdf,other,other
other_05.pdf,other,other
